ID,WN,TOC,Code,URAed,SVH,health,f2,f1,f0,TGD,IODC,IODE,CRS,DeltaN,M0,CUC,e,CUS,A,TOES,FitInterval,CIC,OMG0,CIS,I0,CRC,OMG,OMGD,IDOT
G04,506,349520.0,1,14,36,0,2.3592239273284576e-15,2.483488970028702e-09,0.0006510415114462376,3.958120942115784e-08,853,126,-775.3125,7.353520589363188e-09,-2.4196577724127906,-1.383945345878601e-06,0.0012287263525649905,-3.177672624588013e-05,20394624.26693652,1031056.0,0.0,,,,,,,,
G26,506,349520.0,1,14,36,0,2.3592239273284576e-15,2.483488970028702e-09,0.0006510415114462376,3.958120942115784e-08,853,126,-775.3125,7.353520589363188e-09,-2.4196577724127906,-1.383945345878601e-06,0.0012287263525649905,-3.177672624588013e-05,20394624.26693652,1031056.0,0.0,,,,,,,,
G02,506,349520.0,1,14,36,0,2.3592239273284576e-15,2.483488970028702e-09,0.0006510415114462376,3.958120942115784e-08,853,126,-775.3125,7.353520589363188e-09,-2.4196577724127906,-1.383945345878601e-06,0.0012287263525649905,-3.177672624588013e-05,20394624.26693652,1031056.0,0.0,,,,,,,,
G27,506,349520.0,1,14,36,0,2.3592239273284576e-15,2.483488970028702e-09,0.0006510415114462376,3.958120942115784e-08,853,126,-775.3125,7.353520589363188e-09,-2.4196577724127906,-1.383945345878601e-06,0.0012287263525649905,-3.177672624588013e-05,20394624.26693652,1031056.0,0.0,,,,,,,,
G07,506,349520.0,1,14,36,0,2.3592239273284576e-15,2.483488970028702e-09,0.0006510415114462376,3.958120942115784e-08,853,126,-775.3125,7.353520589363188e-09,-2.4196577724127906,-1.383945345878601e-06,0.0012287263525649905,-3.177672624588013e-05,20394624.26693652,1031056.0,0.0,,,,,,,,
G03,506,349520.0,1,14,36,0,2.3592239273284576e-15,2.483488970028702e-09,0.0006510415114462376,3.958120942115784e-08,853,126,-775.3125,7.353520589363188e-09,-2.4196577724127906,-1.383945345878601e-06,0.0012287263525649905,-3.177672624588013e-05,20394624.26693652,1031056.0,0.0,6.037391722202301e-05,-2.8959627657076057,2.3651868104934692e-05,2.5519746925836233,20.21875,0.06440172953910935,1.1654235445685341e-07,-1.35827086314771e-09
G09,506,349520.0,1,14,36,0,2.3592239273284576e-15,2.483488970028702e-09,0.0006510415114462376,3.958120942115784e-08,853,126,-775.3125,7.353520589363188e-09,-2.4196577724127906,-1.383945345878601e-06,0.0012287263525649905,-3.177672624588013e-05,20394624.26693652,1031056.0,0.0,,,,,,,,
G21,506,349520.0,1,14,36,0,2.3592239273284576e-15,2.483488970028702e-09,0.0006510415114462376,3.958120942115784e-08,853,126,-775.3125,7.353520589363188e-09,-2.4196577724127906,-1.383945345878601e-06,0.0012287263525649905,-3.177672624588013e-05,20394624.26693652,1031056.0,0.0,,,,,,,,
G08,506,349520.0,1,14,36,0,2.3592239273284576e-15,2.483488970028702e-09,0.0006510415114462376,3.958120942115784e-08,853,126,-775.3125,7.353520589363188e-09,-2.4196577724127906,-1.383945345878601e-06,0.0012287263525649905,-3.177672624588013e-05,20394624.26693652,1031056.0,0.0,,,,,,,,
G16,506,349520.0,1,14,36,0,2.3592239273284576e-15,2.483488970028702e-09,0.0006510415114462376,3.958120942115784e-08,853,126,-775.3125,7.353520589363188e-09,-2.4196577724127906,-1.383945345878601e-06,0.0012287263525649905,-3.177672624588013e-05,20394624.26693652,1031056.0,0.0,,,,,,,,
G31,506,349520.0,1,14,36,0,2.3592239273284576e-15,2.483488970028702e-09,0.0006510415114462376,3.958120942115784e-08,853,126,-775.3125,7.353520589363188e-09,-2.4196577724127906,-1.383945345878601e-06,0.0012287263525649905,-3.177672624588013e-05,20394624.26693652,1031056.0,0.0,,,,,,,,
G01,506,349520.0,1,14,36,0,2.3592239273284576e-15,2.483488970028702e-09,0.0006510415114462376,3.958120942115784e-08,853,126,-775.3125,7.353520589363188e-09,-2.4196577724127906,-1.383945345878601e-06,0.0012287263525649905,-3.177672624588013e-05,20394624.26693652,1031056.0,0.0,,,,,,,,
G11,506,520704.0,1,11,35,1,2.3037127760972e-15,-3.6881147025269456e-09,-2.7688220143318176e-06,-2.0489096641540527e-08,294,,,,,,,,,,,,,,,,,,
G19,,,,,,,,,,,,12,,,,,,,,,,6.03552907705307e-05,-2.8959627657076057,2.3651868104934692e-05,2.5519746925836233,20.21875,0.06440172953910935,1.1654235445685341e-07,-1.35827086314771e-09
G15,506,617552.0,1,12,37,0,1.3877787807814457e-15,-3.0602222977904603e-09,-0.0006524054333567619,2.6542693376541138e-08,862,12,,,,,,,,,,6.0360878705978394e-05,0.22108619527602433,2.3651868104934692e-05,2.5519746925836233,20.21875,0.06440172953910935,1.1654235445685341e-07,-1.35827086314771e-09
G18,506,520704.0,1,6,35,1,2.3037127760972e-15,-3.6881147025269456e-09,-2.7688220143318176e-06,-2.0489096641540527e-08,806,,,,,,,,,,,,,,,,,,
G32,506,349520.0,1,7,4,0,2.3592239273284576e-15,2.483488970028702e-09,0.0006510415114462376,3.958120942115784e-08,341,,,,,,,,,,,,,,,,,,
G12,506,349520.0,1,4,36,0,2.3592239273284576e-15,2.483488970028702e-09,0.0006510415114462376,3.958120942115784e-08,85,,,,,,,,,,,6.0360878705978394e-05,0.22108619527602433,2.3651868104934692e-05,2.5519746925836233,20.21875,0.06440172953910935,1.1654235445685341e-07,-1.35827086314771e-09
G05,506,733904.0,1,6,35,1,1.2212453270876722e-15,1.3076260074740276e-09,-2.6691704988479614e-06,4.516914486885071e-08,810,12,,,,,,,,,,6.03552907705307e-05,-2.8959627657076057,2.3651868104934692e-05,2.5519746925836233,20.21875,0.06440172953910935,1.1654235445685341e-07,-1.35827086314771e-09
G30,506,733904.0,1,4,3,1,1.2212453270876722e-15,1.3076260074740276e-09,-2.6691704988479614e-06,4.516914486885071e-08,298,,,,,,,,,,,,,,,,,,
G13,,,,,,,,,,,,126,-775.3125,7.353520589363188e-09,-2.4196577724127906,-1.383945345878601e-06,0.0012287263525649905,-3.177672624588013e-05,20394624.26693652,1031056.0,0.0,6.037391722202301e-05,-2.8959627657076057,2.3651868104934692e-05,2.5519746925836233,20.21875,0.06440172953910935,1.1654235445685341e-07,-1.35827086314771e-09
